series_game_number,game_id,period,game_clock,seconds_remaining,event_number,team,event_type,action_type,event_description,home_team,away_team,home_score,away_score,team_score,opponent_score,team_margin
1,0042500401,1,PT07M28.00S,448,52,SAS,Timeout,Regular,SPURS Timeout: Regular (Full 1 Short 0),SAS,NYK,7,12,7,12,-5
1,0042500401,1,PT07M28.00S,448,53,SAS,Substitution,,SUB: Harper FOR Fox,SAS,NYK,7,12,7,12,-5
1,0042500401,1,PT07M28.00S,448,54,SAS,Substitution,,SUB: Johnson FOR Champagnie,SAS,NYK,7,12,7,12,-5
1,0042500401,1,PT06M15.00S,375,72,NYK,Substitution,,SUB: Shamet FOR Anunoby,SAS,NYK,7,14,14,7,7
1,0042500401,1,PT05M27.00S,327,84,SAS,Substitution,,SUB: Kornet FOR Wembanyama,SAS,NYK,10,14,10,14,-4
1,0042500401,1,PT05M27.00S,327,85,NYK,Substitution,,SUB: Anunoby FOR Hart,SAS,NYK,10,14,14,10,4
1,0042500401,1,PT04M33.00S,273,101,SAS,Substitution,,SUB: Fox FOR Johnson,SAS,NYK,11,14,11,14,-3
1,0042500401,1,PT04M33.00S,273,102,SAS,Substitution,,SUB: Champagnie FOR Castle,SAS,NYK,11,14,11,14,-3
1,0042500401,1,PT04M13.00S,253,110,NYK,Substitution,,SUB: McBride FOR Bridges,SAS,NYK,12,14,14,12,2
1,0042500401,1,PT04M13.00S,253,111,NYK,Substitution,,SUB: Robinson FOR Towns,SAS,NYK,12,14,14,12,2
1,0042500401,1,PT02M33.00S,153,135,NYK,Timeout,Regular,Knicks Timeout: Regular (Reg.1 Short 0),SAS,NYK,22,17,17,22,-5
1,0042500401,1,PT02M33.00S,153,136,SAS,Substitution,,SUB: Wembanyama FOR Kornet,SAS,NYK,22,17,22,17,5
1,0042500401,1,PT02M33.00S,153,137,SAS,Substitution,,SUB: Barnes FOR Vassell,SAS,NYK,22,17,22,17,5
1,0042500401,1,PT01M27.00S,87,155,NYK,Timeout,Regular,Knicks Timeout: Regular (Reg.2 Short 0),SAS,NYK,27,17,17,27,-10
1,0042500401,1,PT01M27.00S,87,157,NYK,Substitution,,SUB: Alvarado FOR Anunoby,SAS,NYK,27,17,17,27,-10
1,0042500401,1,PT01M27.00S,87,158,NYK,Substitution,,SUB: Bridges FOR Brunson,SAS,NYK,27,17,17,27,-10
1,0042500401,1,PT01M27.00S,87,159,NYK,Substitution,,SUB: Towns FOR Robinson,SAS,NYK,27,17,17,27,-10
1,0042500401,1,PT00M40.50S,40,170,SAS,Substitution,,SUB: Castle FOR Barnes,SAS,NYK,27,19,27,19,8
1,0042500401,2,PT09M58.00S,598,209,SAS,Substitution,,SUB: Harper FOR Fox,SAS,NYK,30,26,30,26,4
1,0042500401,2,PT09M58.00S,598,210,SAS,Substitution,,SUB: Vassell FOR Champagnie,SAS,NYK,30,26,30,26,4
1,0042500401,2,PT08M03.00S,483,231,SAS,Timeout,Regular,SPURS Timeout: Regular (Full 2 Short 0),SAS,NYK,31,28,31,28,3
1,0042500401,2,PT08M03.00S,483,234,SAS,Substitution,,SUB: Kornet FOR Wembanyama,SAS,NYK,31,28,31,28,3
1,0042500401,2,PT08M03.00S,483,235,SAS,Substitution,,SUB: Bryant FOR Barnes,SAS,NYK,31,28,31,28,3
1,0042500401,2,PT08M03.00S,483,236,NYK,Substitution,,SUB: Hart FOR McBride,SAS,NYK,31,28,28,31,-3
1,0042500401,2,PT08M03.00S,483,237,NYK,Substitution,,SUB: Brunson FOR Alvarado,SAS,NYK,31,28,28,31,-3
1,0042500401,2,PT08M03.00S,483,238,NYK,Substitution,,SUB: Clarkson FOR Anunoby,SAS,NYK,31,28,28,31,-3
1,0042500401,2,PT08M03.00S,483,239,NYK,Substitution,,SUB: Robinson FOR Towns,SAS,NYK,31,28,28,31,-3
1,0042500401,2,PT08M03.00S,483,240,NYK,Substitution,,SUB: Bridges FOR Shamet,SAS,NYK,31,28,28,31,-3
1,0042500401,2,PT07M26.00S,446,256,SAS,Substitution,,SUB: Fox FOR Castle,SAS,NYK,31,30,31,30,1
1,0042500401,2,PT07M26.00S,446,257,NYK,Substitution,,SUB: Shamet FOR Hart,SAS,NYK,31,30,30,31,-1
1,0042500401,2,PT05M52.00S,352,282,NYK,Timeout,Regular,Knicks Timeout: Regular (Reg.3 Short 0),SAS,NYK,37,32,32,37,-5
1,0042500401,2,PT03M37.00S,217,299,SAS,Substitution,,SUB: Wembanyama FOR Kornet,SAS,NYK,39,40,39,40,-1
1,0042500401,2,PT03M37.00S,217,300,SAS,Substitution,,SUB: Johnson FOR Bryant,SAS,NYK,39,40,39,40,-1
1,0042500401,2,PT03M37.00S,217,301,SAS,Substitution,,SUB: Castle FOR Vassell,SAS,NYK,39,40,39,40,-1
1,0042500401,2,PT02M24.00S,144,317,SAS,Substitution,,SUB: Champagnie FOR Fox,SAS,NYK,43,43,43,43,0
1,0042500401,2,PT02M24.00S,144,318,NYK,Substitution,,SUB: Anunoby FOR Clarkson,SAS,NYK,43,43,43,43,0
1,0042500401,2,PT02M24.00S,144,319,NYK,Substitution,,SUB: Towns FOR Brunson,SAS,NYK,43,43,43,43,0
1,0042500401,2,PT02M24.00S,144,320,NYK,Substitution,,SUB: Alvarado FOR Robinson,SAS,NYK,43,43,43,43,0
1,0042500401,2,PT01M14.00S,74,336,SAS,Substitution,,SUB: Fox FOR Harper,SAS,NYK,50,46,50,46,4
1,0042500401,2,PT01M14.00S,74,337,SAS,Substitution,,SUB: Vassell FOR Johnson,SAS,NYK,50,46,50,46,4
1,0042500401,2,PT01M14.00S,74,338,NYK,Substitution,,SUB: Brunson FOR Alvarado,SAS,NYK,50,46,46,50,-4
1,0042500401,3,PT07M46.00S,466,415,SAS,Substitution,,SUB: Harper FOR Fox,SAS,NYK,63,50,63,50,13
1,0042500401,3,PT07M04.00S,424,426,SAS,Substitution,,SUB: Kornet FOR Wembanyama,SAS,NYK,63,50,63,50,13
1,0042500401,3,PT06M50.00S,410,432,SAS,Timeout,Regular,SPURS Timeout: Regular (Full 3 Short 0),SAS,NYK,63,50,63,50,13
1,0042500401,3,PT06M10.00S,370,443,NYK,Substitution,,SUB: McBride FOR Anunoby,SAS,NYK,65,54,54,65,-11
1,0042500401,3,PT06M10.00S,370,444,NYK,Substitution,,SUB: Shamet FOR Bridges,SAS,NYK,65,54,54,65,-11
1,0042500401,3,PT05M21.00S,321,455,SAS,Substitution,,SUB: Fox FOR Castle,SAS,NYK,67,58,67,58,9
1,0042500401,3,PT04M57.00S,297,463,SAS,Timeout,Regular,SPURS Timeout: Regular (Full 4 Short 0),SAS,NYK,67,61,67,61,6
1,0042500401,3,PT04M57.00S,297,467,SAS,Substitution,,SUB: Wembanyama FOR Kornet,SAS,NYK,67,61,67,61,6
1,0042500401,3,PT04M57.00S,297,468,SAS,Substitution,,SUB: Johnson FOR Vassell,SAS,NYK,67,61,67,61,6
1,0042500401,3,PT01M55.00S,115,503,SAS,Substitution,,SUB: Vassell FOR Champagnie,SAS,NYK,71,71,71,71,0
1,0042500401,3,PT01M55.00S,115,504,SAS,Substitution,,SUB: Barnes FOR Johnson,SAS,NYK,71,71,71,71,0
1,0042500401,3,PT01M55.00S,115,505,NYK,Substitution,,SUB: Robinson FOR Towns,SAS,NYK,71,71,71,71,0
1,0042500401,4,PT07M37.00S,457,584,NYK,Timeout,Regular,Knicks Timeout: Regular (Reg.4 Short 0),SAS,NYK,86,86,86,86,0
1,0042500401,4,PT07M37.00S,457,585,SAS,Substitution,,SUB: Harper FOR Wembanyama,SAS,NYK,86,86,86,86,0
1,0042500401,4,PT07M37.00S,457,586,SAS,Substitution,,SUB: Champagnie FOR Fox,SAS,NYK,86,86,86,86,0
1,0042500401,4,PT07M37.00S,457,587,SAS,Substitution,,SUB: Kornet FOR Barnes,SAS,NYK,86,86,86,86,0
1,0042500401,4,PT07M37.00S,457,588,NYK,Substitution,,SUB: Hart FOR Shamet,SAS,NYK,86,86,86,86,0
1,0042500401,4,PT07M37.00S,457,589,NYK,Substitution,,SUB: Brunson FOR Alvarado,SAS,NYK,86,86,86,86,0
1,0042500401,4,PT07M37.00S,457,590,NYK,Substitution,,SUB: Bridges FOR Anunoby,SAS,NYK,86,86,86,86,0
1,0042500401,4,PT07M37.00S,457,591,NYK,Substitution,,SUB: Robinson FOR Towns,SAS,NYK,86,86,86,86,0
1,0042500401,4,PT06M52.00S,412,607,SAS,Substitution,,SUB: Wembanyama FOR Kornet,SAS,NYK,86,89,86,89,-3
1,0042500401,4,PT06M52.00S,412,608,NYK,Substitution,,SUB: Shamet FOR McBride,SAS,NYK,86,89,89,86,3
1,0042500401,4,PT06M34.00S,394,615,SAS,Timeout,Regular,SPURS Timeout: Regular (Full 5 Short 0),SAS,NYK,86,92,86,92,-6
1,0042500401,4,PT06M34.00S,394,616,SAS,Substitution,,SUB: Fox FOR Castle,SAS,NYK,86,92,86,92,-6
1,0042500401,4,PT06M03.00S,363,627,SAS,Substitution,,SUB: Castle FOR Vassell,SAS,NYK,86,94,86,94,-8
1,0042500401,4,PT04M48.00S,288,638,NYK,Timeout,Regular,Knicks Timeout: Regular (Reg.5 Short 0),SAS,NYK,89,94,94,89,5
1,0042500401,4,PT04M48.00S,288,639,NYK,Substitution,,SUB: Anunoby FOR Robinson,SAS,NYK,89,94,94,89,5
1,0042500401,4,PT04M48.00S,288,640,NYK,Substitution,,SUB: Towns FOR Bridges,SAS,NYK,89,94,94,89,5
1,0042500401,4,PT04M04.00S,244,652,SAS,Substitution,,SUB: Vassell FOR Harper,SAS,NYK,90,94,90,94,-4
1,0042500401,4,PT02M16.00S,136,675,NYK,Substitution,,SUB: Bridges FOR Shamet,SAS,NYK,94,94,94,94,0
1,0042500401,4,PT00M29.40S,29,697,NYK,Substitution,,SUB: Shamet FOR Towns,SAS,NYK,95,102,102,95,7
1,0042500401,4,PT00M21.10S,21,701,SAS,Timeout,Regular,SPURS Timeout: Regular (Full 6 Short 0),SAS,NYK,95,103,95,103,-8
1,0042500401,4,PT00M21.10S,21,704,NYK,Timeout,Regular,Knicks Timeout: Regular (Reg.6 Short 0),SAS,NYK,95,103,103,95,8
1,0042500401,4,PT00M21.10S,21,705,NYK,Substitution,,SUB: Towns FOR Shamet,SAS,NYK,95,103,103,95,8
1,0042500401,4,PT00M20.60S,21,710,NYK,Substitution,,SUB: Shamet FOR Towns,SAS,NYK,95,104,104,95,9
2,0042500402,1,PT08M02.00S,482,49,SAS,Substitution,,SUB: Harper FOR Fox,SAS,NYK,13,10,13,10,3
2,0042500402,1,PT08M02.00S,482,50,SAS,Substitution,,SUB: Johnson FOR Vassell,SAS,NYK,13,10,13,10,3
2,0042500402,1,PT05M46.00S,346,71,SAS,Timeout,Regular,SPURS Timeout: Regular (Full 1 Short 0),SAS,NYK,17,13,17,13,4
2,0042500402,1,PT05M46.00S,346,72,SAS,Substitution,,SUB: Kornet FOR Wembanyama,SAS,NYK,17,13,17,13,4
2,0042500402,1,PT05M46.00S,346,73,SAS,Substitution,,SUB: Vassell FOR Johnson,SAS,NYK,17,13,17,13,4
2,0042500402,1,PT05M46.00S,346,74,NYK,Substitution,,SUB: McBride FOR Hart,SAS,NYK,17,13,13,17,-4
2,0042500402,1,PT05M46.00S,346,75,NYK,Substitution,,SUB: Shamet FOR Anunoby,SAS,NYK,17,13,13,17,-4
2,0042500402,1,PT04M49.00S,289,104,SAS,Substitution,,SUB: Fox FOR Castle,SAS,NYK,20,16,20,16,4
2,0042500402,1,PT04M49.00S,289,105,SAS,Substitution,,SUB: Bryant FOR Champagnie,SAS,NYK,20,16,20,16,4
2,0042500402,1,PT03M55.00S,235,117,NYK,Substitution,,SUB: Anunoby FOR Bridges,SAS,NYK,20,18,18,20,-2
2,0042500402,1,PT03M55.00S,235,118,NYK,Substitution,,SUB: Robinson FOR Towns,SAS,NYK,20,18,18,20,-2
2,0042500402,1,PT02M56.00S,176,135,NYK,Timeout,Regular,Knicks Timeout: Regular (Reg.1 Short 0),SAS,NYK,24,19,19,24,-5
2,0042500402,1,PT02M29.00S,149,145,SAS,Substitution,,SUB: Wembanyama FOR Kornet,SAS,NYK,27,20,27,20,7
2,0042500402,1,PT02M29.00S,149,146,SAS,Substitution,,SUB: Champagnie FOR Bryant,SAS,NYK,27,20,27,20,7
2,0042500402,2,PT10M12.00S,612,201,SAS,Substitution,,SUB: Barnes FOR Johnson,SAS,NYK,37,29,37,29,8
2,0042500402,2,PT09M21.00S,561,221,SAS,Substitution,,SUB: Fox FOR Harper,SAS,NYK,38,32,38,32,6
2,0042500402,2,PT09M21.00S,561,222,NYK,Substitution,,SUB: Bridges FOR Anunoby,SAS,NYK,38,32,32,38,-6
2,0042500402,2,PT09M21.00S,561,223,NYK,Substitution,,SUB: Hart FOR Shamet,SAS,NYK,38,32,32,38,-6
2,0042500402,2,PT08M01.00S,481,241,SAS,Substitution,,SUB: Kornet FOR Wembanyama,SAS,NYK,41,34,41,34,7
2,0042500402,2,PT08M01.00S,481,242,NYK,Substitution,,SUB: Shamet FOR McBride,SAS,NYK,41,34,34,41,-7
2,0042500402,2,PT07M38.00S,458,251,SAS,Substitution,,SUB: Vassell FOR Castle,SAS,NYK,42,35,42,35,7
2,0042500402,2,PT07M01.00S,421,258,SAS,Timeout,Regular,SPURS Timeout: Regular (Full 2 Short 0),SAS,NYK,42,39,42,39,3
2,0042500402,2,PT07M01.00S,421,262,SAS,Substitution,,SUB: Harper FOR Champagnie,SAS,NYK,42,39,42,39,3
2,0042500402,2,PT07M01.00S,421,263,NYK,Substitution,,SUB: Brunson FOR Alvarado,SAS,NYK,42,39,39,42,-3
2,0042500402,2,PT07M01.00S,421,264,NYK,Substitution,,SUB: Anunoby FOR Towns,SAS,NYK,42,39,39,42,-3
2,0042500402,2,PT07M01.00S,421,265,NYK,Substitution,,SUB: Robinson FOR Shamet,SAS,NYK,42,39,39,42,-3
2,0042500402,2,PT05M21.00S,321,289,SAS,Substitution,,SUB: Wembanyama FOR Fox,SAS,NYK,44,42,44,42,2
2,0042500402,2,PT05M21.00S,321,290,SAS,Substitution,,SUB: Johnson FOR Kornet,SAS,NYK,44,42,44,42,2
2,0042500402,2,PT05M21.00S,321,291,SAS,Substitution,,SUB: Champagnie FOR Barnes,SAS,NYK,44,42,44,42,2
2,0042500402,2,PT05M14.00S,314,301,NYK,Substitution,,SUB: Shamet FOR Hart,SAS,NYK,45,42,42,45,-3
2,0042500402,2,PT04M56.00S,296,311,NYK,Substitution,,SUB: Towns FOR Robinson,SAS,NYK,47,42,42,47,-5
2,0042500402,2,PT03M15.00S,195,336,SAS,Substitution,,SUB: Fox FOR Johnson,SAS,NYK,51,49,51,49,2
2,0042500402,2,PT03M15.00S,195,338,SAS,Substitution,,SUB: Bryant FOR Harper,SAS,NYK,51,49,51,49,2
2,0042500402,2,PT02M07.00S,127,352,NYK,Timeout,Regular,Knicks Timeout: Regular (Reg.2 Short 0),SAS,NYK,52,51,51,52,-1
2,0042500402,2,PT02M07.00S,127,353,SAS,Substitution,,SUB: Harper FOR Bryant,SAS,NYK,52,51,52,51,1
2,0042500402,2,PT01M09.00S,69,364,SAS,Substitution,,SUB: Johnson FOR Harper,SAS,NYK,52,51,52,51,1
2,0042500402,3,PT09M20.00S,560,416,SAS,Timeout,Regular,SPURS Timeout: Regular (Full 3 Short 0),SAS,NYK,54,64,54,64,-10
2,0042500402,3,PT08M56.00S,536,423,NYK,Substitution,,SUB: Shamet FOR Hart,SAS,NYK,56,64,64,56,8
2,0042500402,3,PT06M38.00S,398,444,SAS,Substitution,,SUB: Harper FOR Fox,SAS,NYK,61,70,61,70,-9
2,0042500402,3,PT06M38.00S,398,445,SAS,Substitution,,SUB: Johnson FOR Champagnie,SAS,NYK,61,70,61,70,-9
2,0042500402,3,PT06M01.00S,361,457,NYK,Substitution,,SUB: Robinson FOR Towns,SAS,NYK,62,72,72,62,10
2,0042500402,3,PT03M19.00S,199,482,NYK,Timeout,Regular,Knicks Timeout: Regular (Reg.3 Short 0),SAS,NYK,72,76,76,72,4
2,0042500402,3,PT03M19.00S,199,483,SAS,Substitution,,SUB: Kornet FOR Wembanyama,SAS,NYK,72,76,72,76,-4
2,0042500402,3,PT03M19.00S,199,484,SAS,Substitution,,SUB: Champagnie FOR Vassell,SAS,NYK,72,76,72,76,-4
2,0042500402,3,PT03M19.00S,199,485,NYK,Substitution,,SUB: McBride FOR Anunoby,SAS,NYK,72,76,76,72,4
2,0042500402,3,PT03M19.00S,199,486,NYK,Substitution,,SUB: Alvarado FOR Brunson,SAS,NYK,72,76,76,72,4
2,0042500402,3,PT01M35.00S,95,503,SAS,Substitution,,SUB: Fox FOR Castle,SAS,NYK,72,80,72,80,-8
2,0042500402,3,PT01M35.00S,95,504,SAS,Substitution,,SUB: Wembanyama FOR Kornet,SAS,NYK,72,80,72,80,-8
2,0042500402,4,PT10M15.00S,615,548,SAS,Substitution,,SUB: Harper FOR Johnson,SAS,NYK,78,87,78,87,-9
2,0042500402,4,PT10M15.00S,615,549,NYK,Substitution,,SUB: Towns FOR McBride,SAS,NYK,78,87,87,78,9
2,0042500402,4,PT10M15.00S,615,550,NYK,Substitution,,SUB: Brunson FOR Alvarado,SAS,NYK,78,87,87,78,9
2,0042500402,4,PT10M15.00S,615,551,NYK,Substitution,,SUB: Hart FOR Robinson,SAS,NYK,78,87,87,78,9
2,0042500402,4,PT08M18.00S,498,576,SAS,Timeout,Regular,SPURS Timeout: Regular (Full 4 Short 0),SAS,NYK,82,90,82,90,-8
2,0042500402,4,PT08M18.00S,498,577,NYK,Substitution,,SUB: Anunoby FOR Bridges,SAS,NYK,82,90,90,82,8
2,0042500402,4,PT07M45.00S,465,588,SAS,Substitution,,SUB: Champagnie FOR Fox,SAS,NYK,83,90,83,90,-7
2,0042500402,4,PT07M45.00S,465,590,NYK,Substitution,,SUB: Bridges FOR Hart,SAS,NYK,83,90,90,83,7
2,0042500402,4,PT07M45.00S,465,592,NYK,Substitution,,SUB: McBride FOR Shamet,SAS,NYK,83,90,90,83,7
2,0042500402,4,PT06M45.00S,405,606,SAS,Timeout,Regular,SPURS Timeout: Regular (Full 5 Short 0),SAS,NYK,83,95,83,95,-12
2,0042500402,4,PT06M45.00S,405,609,SAS,Substitution,,SUB: Fox FOR Castle,SAS,NYK,83,95,83,95,-12
2,0042500402,4,PT05M26.00S,326,623,NYK,Timeout,Regular,Knicks Timeout: Regular (Reg.4 Short 0),SAS,NYK,88,97,97,88,9
2,0042500402,4,PT04M17.00S,257,632,NYK,Timeout,Regular,Knicks Timeout: Regular (Reg.5 Short 0),SAS,NYK,92,97,97,92,5
2,0042500402,4,PT04M17.00S,257,633,NYK,Substitution,,SUB: Shamet FOR McBride,SAS,NYK,92,97,97,92,5
2,0042500402,4,PT02M37.00S,157,651,NYK,Timeout,Coach Challenge,Knicks Timeout: Coach Challenge (Reg.5 Short 0),SAS,NYK,97,97,97,97,0
2,0042500402,4,PT02M37.00S,157,657,NYK,Substitution,,SUB: Hart FOR Shamet,SAS,NYK,97,99,99,97,2
2,0042500402,4,PT00M39.30S,39,684,SAS,Timeout,Regular,SPURS Timeout: Regular (Full 6 Short 0),SAS,NYK,104,104,104,104,0
2,0042500402,4,PT00M39.30S,39,685,NYK,Substitution,,SUB: Robinson FOR Brunson,SAS,NYK,104,104,104,104,0
2,0042500402,4,PT00M39.30S,39,686,NYK,Substitution,,SUB: Shamet FOR Towns,SAS,NYK,104,104,104,104,0
2,0042500402,4,PT00M30.30S,30,691,NYK,Timeout,Regular,Knicks Timeout: Regular (Reg.6 Short 0),SAS,NYK,104,104,104,104,0
2,0042500402,4,PT00M30.30S,30,692,SAS,Substitution,,SUB: Castle FOR Champagnie,SAS,NYK,104,104,104,104,0
2,0042500402,4,PT00M30.30S,30,693,NYK,Substitution,,SUB: Towns FOR Hart,SAS,NYK,104,104,104,104,0
2,0042500402,4,PT00M30.30S,30,694,NYK,Substitution,,SUB: Brunson FOR Robinson,SAS,NYK,104,104,104,104,0
2,0042500402,4,PT00M09.50S,10,707,SAS,Substitution,,SUB: Kornet FOR Fox,SAS,NYK,104,105,104,105,-1
2,0042500402,4,PT00M09.50S,10,708,NYK,Substitution,,SUB: Hart FOR Towns,SAS,NYK,104,105,105,104,1
2,0042500402,4,PT00M09.50S,10,711,SAS,Substitution,,SUB: Champagnie FOR Harper,SAS,NYK,104,105,104,105,-1
2,0042500402,4,PT00M07.50S,8,715,SAS,Timeout,Regular,SPURS Timeout: Regular (Full 7 Short 0),SAS,NYK,104,105,104,105,-1
2,0042500402,4,PT00M07.50S,8,716,SAS,Substitution,,SUB: Harper FOR Champagnie,SAS,NYK,104,105,104,105,-1
2,0042500402,4,PT00M07.50S,8,717,NYK,Substitution,,SUB: Robinson FOR Brunson,SAS,NYK,104,105,105,104,1
3,0042500403,1,PT08M52.00S,532,34,NYK,Substitution,,SUB: Shamet FOR Bridges,NYK,SAS,5,9,5,9,-4
3,0042500403,1,PT07M51.00S,471,51,SAS,Substitution,,SUB: Harper FOR Champagnie,NYK,SAS,6,14,14,6,8
3,0042500403,1,PT07M51.00S,471,52,SAS,Substitution,,SUB: Johnson FOR Fox,NYK,SAS,6,14,14,6,8
3,0042500403,1,PT06M49.00S,409,65,NYK,Timeout,Regular,KNICKS Timeout: Regular (Full 1 Short 0),NYK,SAS,9,19,9,19,-10
3,0042500403,1,PT04M35.00S,275,83,NYK,Substitution,,SUB: McBride FOR Anunoby,NYK,SAS,13,24,13,24,-11
3,0042500403,1,PT04M35.00S,275,84,SAS,Substitution,,SUB: Kornet FOR Castle,NYK,SAS,13,24,24,13,11
3,0042500403,1,PT04M35.00S,275,85,SAS,Substitution,,SUB: Fox FOR Wembanyama,NYK,SAS,13,24,24,13,11
3,0042500403,1,PT03M24.00S,204,100,SAS,Timeout,Regular,Spurs Timeout: Regular (Reg.1 Short 0),NYK,SAS,17,24,24,17,7
3,0042500403,1,PT03M24.00S,204,105,NYK,Substitution,,SUB: Robinson FOR Hart,NYK,SAS,17,24,17,24,-7
3,0042500403,1,PT03M24.00S,204,106,NYK,Substitution,,SUB: Anunoby FOR Towns,NYK,SAS,17,24,17,24,-7
3,0042500403,1,PT01M26.00S,86,132,SAS,Substitution,,SUB: Champagnie FOR Kornet,NYK,SAS,20,30,30,20,10
3,0042500403,1,PT01M26.00S,86,136,SAS,Substitution,,SUB: Wembanyama FOR Vassell,NYK,SAS,21,30,30,21,9
3,0042500403,1,PT00M45.00S,45,150,SAS,Substitution,,SUB: Vassell FOR Johnson,NYK,SAS,22,33,33,22,11
3,0042500403,2,PT10M21.00S,621,183,NYK,Substitution,,SUB: Clarkson FOR McBride,NYK,SAS,24,36,24,36,-12
3,0042500403,2,PT08M12.00S,492,212,SAS,Timeout,Regular,Spurs Timeout: Regular (Reg.2 Short 0),NYK,SAS,38,40,40,38,2
3,0042500403,2,PT10M03.00S,603,213,NYK,Substitution,,SUB: Bridges FOR Shamet,NYK,SAS,38,40,38,40,-2
3,0042500403,2,PT08M12.00S,492,216,NYK,Substitution,,SUB: Hart FOR Anunoby,NYK,SAS,38,40,38,40,-2
3,0042500403,2,PT08M12.00S,492,217,SAS,Substitution,,SUB: Vassell FOR Fox,NYK,SAS,38,40,40,38,2
3,0042500403,2,PT08M12.00S,492,218,SAS,Substitution,,SUB: Harper FOR Bryant,NYK,SAS,38,40,40,38,2
3,0042500403,2,PT06M48.00S,408,234,NYK,Substitution,,SUB: Brunson FOR Alvarado,NYK,SAS,38,42,38,42,-4
3,0042500403,2,PT06M48.00S,408,235,SAS,Substitution,,SUB: Kornet FOR Wembanyama,NYK,SAS,38,42,42,38,4
3,0042500403,2,PT05M53.00S,353,255,NYK,Substitution,,SUB: Anunoby FOR Towns,NYK,SAS,40,44,40,44,-4
3,0042500403,2,PT05M10.00S,310,263,NYK,Timeout,Regular,KNICKS Timeout: Regular (Full 2 Short 0),NYK,SAS,44,49,44,49,-5
3,0042500403,2,PT05M10.00S,310,264,SAS,Substitution,,SUB: Fox FOR Castle,NYK,SAS,44,49,49,44,5
3,0042500403,2,PT05M10.00S,310,265,SAS,Substitution,,SUB: Wembanyama FOR Kornet,NYK,SAS,44,49,49,44,5
3,0042500403,2,PT03M30.00S,210,283,SAS,Substitution,,SUB: Castle FOR Champagnie,NYK,SAS,50,52,52,50,2
3,0042500403,2,PT02M59.00S,179,296,NYK,Substitution,,SUB: Towns FOR Clarkson,NYK,SAS,51,54,51,54,-3
3,0042500403,2,PT00M09.60S,10,322,NYK,Substitution,,SUB: McBride FOR Bridges,NYK,SAS,63,57,63,57,6
3,0042500403,2,PT00M09.60S,10,323,NYK,Substitution,,SUB: Sochan FOR Brunson,NYK,SAS,63,57,63,57,6
3,0042500403,2,PT00M09.60S,10,324,NYK,Substitution,,SUB: Shamet FOR Anunoby,NYK,SAS,63,57,63,57,6
3,0042500403,2,PT00M09.60S,10,325,SAS,Substitution,,SUB: Champagnie FOR Castle,NYK,SAS,63,57,57,63,-6
3,0042500403,3,PT07M43.00S,463,396,SAS,Substitution,,SUB: Harper FOR Fox,NYK,SAS,71,69,69,71,-2
3,0042500403,3,PT07M43.00S,463,397,SAS,Substitution,,SUB: Johnson FOR Champagnie,NYK,SAS,71,69,69,71,-2
3,0042500403,3,PT06M21.00S,381,417,NYK,Timeout,Regular,KNICKS Timeout: Regular (Full 3 Short 0),NYK,SAS,76,72,76,72,4
3,0042500403,3,PT06M21.00S,381,418,NYK,Substitution,,SUB: Robinson FOR Towns,NYK,SAS,76,72,76,72,4
3,0042500403,3,PT06M21.00S,381,419,NYK,Substitution,,SUB: Shamet FOR Bridges,NYK,SAS,76,72,76,72,4
3,0042500403,3,PT04M29.00S,269,444,NYK,Substitution,,SUB: Alvarado FOR Hart,NYK,SAS,78,80,78,80,-2
3,0042500403,3,PT04M29.00S,269,445,NYK,Substitution,,SUB: Clarkson FOR Brunson,NYK,SAS,78,80,78,80,-2
3,0042500403,3,PT04M29.00S,269,446,SAS,Substitution,,SUB: Kornet FOR Wembanyama,NYK,SAS,78,80,80,78,2
3,0042500403,3,PT04M29.00S,269,447,SAS,Substitution,,SUB: Fox FOR Castle,NYK,SAS,78,80,80,78,2
3,0042500403,3,PT04M14.00S,254,455,NYK,Substitution,,SUB: Towns FOR Robinson,NYK,SAS,78,81,78,81,-3
3,0042500403,3,PT03M40.00S,220,463,SAS,Substitution,,SUB: Champagnie FOR Vassell,NYK,SAS,80,82,82,80,2
3,0042500403,3,PT02M33.00S,153,483,SAS,Timeout,Regular,Spurs Timeout: Regular (Reg.3 Short 0),NYK,SAS,81,84,84,81,3
3,0042500403,3,PT02M33.00S,153,486,NYK,Substitution,,SUB: Bridges FOR Anunoby,NYK,SAS,81,84,81,84,-3
3,0042500403,3,PT02M33.00S,153,487,SAS,Substitution,,SUB: Castle FOR Johnson,NYK,SAS,81,84,84,81,3
3,0042500403,4,PT10M36.00S,636,534,NYK,Substitution,,SUB: Hart FOR Clarkson,NYK,SAS,91,96,91,96,-5
3,0042500403,4,PT09M18.00S,558,550,NYK,Substitution,,SUB: Robinson FOR Alvarado,NYK,SAS,91,96,91,96,-5
3,0042500403,4,PT09M18.00S,558,551,NYK,Substitution,,SUB: Brunson FOR Towns,NYK,SAS,91,96,91,96,-5
3,0042500403,4,PT09M18.00S,558,552,SAS,Substitution,,SUB: Harper FOR Fox,NYK,SAS,91,96,96,91,5
3,0042500403,4,PT09M18.00S,558,553,SAS,Substitution,,SUB: Champagnie FOR Vassell,NYK,SAS,91,96,96,91,5
3,0042500403,4,PT08M10.00S,490,572,NYK,Substitution,,SUB: McBride FOR Bridges,NYK,SAS,93,99,93,99,-6
3,0042500403,4,PT08M10.00S,490,573,NYK,Substitution,,SUB: Anunoby FOR Shamet,NYK,SAS,93,99,93,99,-6
3,0042500403,4,PT07M45.00S,465,585,NYK,Timeout,Regular,KNICKS Timeout: Regular (Full 4 Short 0),NYK,SAS,93,100,93,100,-7
3,0042500403,4,PT07M45.00S,465,589,NYK,Substitution,,SUB: Towns FOR Robinson,NYK,SAS,93,100,93,100,-7
3,0042500403,4,PT07M31.00S,451,592,SAS,Timeout,Regular,Spurs Timeout: Regular (Reg.4 Short 0),NYK,SAS,95,100,100,95,5
3,0042500403,4,PT07M31.00S,451,594,SAS,Substitution,,SUB: Fox FOR Castle,NYK,SAS,95,100,100,95,5
3,0042500403,4,PT07M31.00S,451,595,SAS,Substitution,,SUB: Vassell FOR Johnson,NYK,SAS,95,100,100,95,5
3,0042500403,4,PT07M12.00S,432,601,SAS,Timeout,Coach Challenge,Spurs Timeout: Coach Challenge (Reg.4 Short 0),NYK,SAS,95,100,100,95,5
3,0042500403,4,PT05M54.00S,354,620,NYK,Substitution,,SUB: Shamet FOR McBride,NYK,SAS,99,104,99,104,-5
3,0042500403,4,PT05M54.00S,354,623,SAS,Substitution,,SUB: Castle FOR Harper,NYK,SAS,100,104,104,100,4
3,0042500403,4,PT04M50.00S,290,640,SAS,Substitution,,SUB: Harper FOR Champagnie,NYK,SAS,100,107,107,100,7
3,0042500403,4,PT04M25.00S,265,649,NYK,Timeout,Regular,KNICKS Timeout: Regular (Full 5 Short 0),NYK,SAS,100,108,100,108,-8
3,0042500403,4,PT03M40.00S,220,662,NYK,Substitution,,SUB: Bridges FOR Shamet,NYK,SAS,101,108,101,108,-7
3,0042500403,4,PT03M40.00S,220,664,SAS,Timeout,Regular,Spurs Timeout: Regular (Reg.5 Short 0),NYK,SAS,101,108,108,101,7
3,0042500403,4,PT00M12.20S,12,700,NYK,Timeout,Regular,KNICKS Timeout: Regular (Full 6 Short 0),NYK,SAS,108,113,108,113,-5
3,0042500403,4,PT00M09.40S,9,703,SAS,Timeout,Regular,Spurs Timeout: Regular (Reg.6 Short 0),NYK,SAS,111,113,113,111,2
3,0042500403,4,PT00M06.80S,7,707,NYK,Substitution,,SUB: Robinson FOR Brunson,NYK,SAS,111,114,111,114,-3
3,0042500403,4,PT00M06.80S,7,710,NYK,Timeout,Regular,KNICKS Timeout: Regular (Full 7 Short 0),NYK,SAS,111,115,111,115,-4
3,0042500403,4,PT00M06.80S,7,711,NYK,Substitution,,SUB: Brunson FOR Robinson,NYK,SAS,111,115,111,115,-4
4,0042500404,1,PT10M58.00S,658,18,SAS,Timeout,Regular,Spurs Timeout: Regular (Reg.1 Short 0),NYK,SAS,2,5,5,2,3
4,0042500404,1,PT10M58.00S,658,21,NYK,Substitution,,SUB: Robinson FOR Towns,NYK,SAS,2,5,2,5,-3
4,0042500404,1,PT09M16.00S,556,40,NYK,Timeout,Regular,KNICKS Timeout: Regular (Full 1 Short 0),NYK,SAS,2,12,2,12,-10
4,0042500404,1,PT08M02.00S,482,61,SAS,Substitution,,SUB: Harper FOR Fox,NYK,SAS,9,14,14,9,5
4,0042500404,1,PT06M05.00S,365,79,NYK,Substitution,,SUB: Shamet FOR Anunoby,NYK,SAS,11,22,11,22,-11
4,0042500404,1,PT06M05.00S,365,80,NYK,Substitution,,SUB: Hukporti FOR Robinson,NYK,SAS,11,22,11,22,-11
4,0042500404,1,PT06M05.00S,365,81,SAS,Substitution,,SUB: Fox FOR Castle,NYK,SAS,11,22,22,11,11
4,0042500404,1,PT06M05.00S,365,82,SAS,Substitution,,SUB: Johnson FOR Champagnie,NYK,SAS,11,22,22,11,11
4,0042500404,1,PT04M23.00S,263,102,SAS,Substitution,,SUB: Kornet FOR Wembanyama,NYK,SAS,17,27,27,17,10
4,0042500404,1,PT04M23.00S,263,104,NYK,Substitution,,SUB: Robinson FOR Hart,NYK,SAS,17,27,17,27,-10
4,0042500404,1,PT04M23.00S,263,105,NYK,Substitution,,SUB: Anunoby FOR Brunson,NYK,SAS,17,27,17,27,-10
4,0042500404,1,PT04M23.00S,263,106,NYK,Substitution,,SUB: Alvarado FOR Hukporti,NYK,SAS,17,27,17,27,-10
4,0042500404,1,PT03M32.00S,212,129,NYK,Substitution,,SUB: Towns FOR Robinson,NYK,SAS,17,30,17,30,-13
4,0042500404,1,PT03M32.00S,212,130,SAS,Substitution,,SUB: Wembanyama FOR Kornet,NYK,SAS,17,30,30,17,13
4,0042500404,1,PT02M53.00S,173,139,SAS,Substitution,,SUB: Castle FOR Fox,NYK,SAS,18,32,32,18,14
4,0042500404,1,PT02M15.00S,135,145,NYK,Substitution,,SUB: McBride FOR Bridges,NYK,SAS,20,34,20,34,-14
4,0042500404,1,PT02M15.00S,135,146,NYK,Substitution,,SUB: Brunson FOR Alvarado,NYK,SAS,20,34,20,34,-14
4,0042500404,1,PT01M50.00S,110,153,NYK,Substitution,,SUB: Robinson FOR Towns,NYK,SAS,20,35,20,35,-15
4,0042500404,1,PT01M50.00S,110,154,SAS,Substitution,,SUB: Champagnie FOR Vassell,NYK,SAS,20,35,35,20,15
4,0042500404,1,PT01M50.00S,110,155,SAS,Substitution,,SUB: Fox FOR Johnson,NYK,SAS,20,35,35,20,15
4,0042500404,1,PT01M02.00S,62,167,SAS,Substitution,,SUB: Vassell FOR Harper,NYK,SAS,20,35,35,20,15
4,0042500404,1,PT00M41.70S,42,175,NYK,Substitution,,SUB: Sochan FOR Robinson,NYK,SAS,20,38,20,38,-18
4,0042500404,1,PT00M19.70S,20,184,SAS,Substitution,,SUB: Harper FOR Castle,NYK,SAS,21,41,41,21,20
4,0042500404,2,PT10M45.00S,645,209,NYK,Substitution,,SUB: Brunson FOR Alvarado,NYK,SAS,25,48,25,48,-23
4,0042500404,2,PT08M26.00S,506,235,NYK,Substitution,,SUB: Bridges FOR McBride,NYK,SAS,32,57,32,57,-25
4,0042500404,2,PT08M26.00S,506,236,NYK,Substitution,,SUB: Hart FOR Anunoby,NYK,SAS,32,57,32,57,-25
4,0042500404,2,PT08M26.00S,506,237,SAS,Substitution,,SUB: Kornet FOR Wembanyama,NYK,SAS,32,57,57,32,25
4,0042500404,2,PT08M26.00S,506,238,SAS,Substitution,,SUB: Castle FOR Fox,NYK,SAS,32,57,57,32,25
4,0042500404,2,PT08M26.00S,506,243,NYK,Substitution,,SUB: Clarkson FOR Shamet,NYK,SAS,32,57,32,57,-25
4,0042500404,2,PT08M26.00S,506,245,SAS,Substitution,,SUB: Vassell FOR Harper,NYK,SAS,32,57,57,32,25
4,0042500404,2,PT07M00.00S,420,268,NYK,Substitution,,SUB: Robinson FOR Towns,NYK,SAS,34,59,34,59,-25
4,0042500404,2,PT07M00.00S,420,269,SAS,Substitution,,SUB: Harper FOR Bryant,NYK,SAS,34,59,59,34,25
4,0042500404,2,PT06M56.00S,416,275,NYK,Timeout,Regular,KNICKS Timeout: Regular (Full 2 Short 0),NYK,SAS,34,59,34,59,-25
4,0042500404,2,PT06M54.00S,414,282,NYK,Substitution,,SUB: Hukporti FOR Robinson,NYK,SAS,34,59,34,59,-25
4,0042500404,2,PT06M44.00S,404,286,NYK,Substitution,,SUB: Anunoby FOR Clarkson,NYK,SAS,34,59,34,59,-25
4,0042500404,2,PT06M10.00S,370,294,SAS,Timeout,Regular,Spurs Timeout: Regular (Reg.2 Short 0),NYK,SAS,38,59,59,38,21
4,0042500404,2,PT06M10.00S,370,296,SAS,Substitution,,SUB: Johnson FOR Champagnie,NYK,SAS,38,59,59,38,21
4,0042500404,2,PT06M10.00S,370,297,SAS,Substitution,,SUB: Fox FOR Kornet,NYK,SAS,38,59,59,38,21
4,0042500404,2,PT06M10.00S,370,298,SAS,Substitution,,SUB: Wembanyama FOR Castle,NYK,SAS,38,59,59,38,21
4,0042500404,2,PT05M09.00S,309,314,NYK,Substitution,,SUB: Sochan FOR Hukporti,NYK,SAS,39,62,39,62,-23
4,0042500404,2,PT02M51.00S,171,336,SAS,Substitution,,SUB: Castle FOR Fox,NYK,SAS,43,71,71,43,28
4,0042500404,2,PT02M51.00S,171,338,NYK,Substitution,,SUB: Shamet FOR Sochan,NYK,SAS,43,71,43,71,-28
4,0042500404,2,PT02M26.00S,146,350,SAS,Substitution,,SUB: Champagnie FOR Castle,NYK,SAS,43,71,71,43,28
4,0042500404,2,PT02M26.00S,146,353,SAS,Substitution,,SUB: Fox FOR Harper,NYK,SAS,43,71,71,43,28
4,0042500404,2,PT01M45.00S,105,368,SAS,Substitution,,SUB: Harper FOR Johnson,NYK,SAS,46,71,71,46,25
4,0042500404,3,PT10M09.00S,609,410,SAS,Substitution,,SUB: Johnson FOR Castle,NYK,SAS,52,79,79,52,27
4,0042500404,3,PT08M23.00S,503,434,SAS,Timeout,Regular,Spurs Timeout: Regular (Reg.3 Short 0),NYK,SAS,59,81,81,59,22
4,0042500404,3,PT08M23.00S,503,435,SAS,Substitution,,SUB: Harper FOR Champagnie,NYK,SAS,59,81,81,59,22
4,0042500404,3,PT05M33.00S,333,460,NYK,Substitution,,SUB: Shamet FOR Anunoby,NYK,SAS,62,81,62,81,-19
4,0042500404,3,PT05M33.00S,333,461,NYK,Substitution,,SUB: Alvarado FOR Bridges,NYK,SAS,62,81,62,81,-19
4,0042500404,3,PT05M33.00S,333,462,SAS,Substitution,,SUB: Kornet FOR Wembanyama,NYK,SAS,62,81,81,62,19
4,0042500404,3,PT05M33.00S,333,463,SAS,Substitution,,SUB: Champagnie FOR Fox,NYK,SAS,62,81,81,62,19
4,0042500404,3,PT05M33.00S,333,464,SAS,Substitution,,SUB: Castle FOR Johnson,NYK,SAS,62,81,81,62,19
4,0042500404,3,PT04M35.00S,275,484,SAS,Substitution,,SUB: Wembanyama FOR Kornet,NYK,SAS,65,82,82,65,17
4,0042500404,3,PT04M10.00S,250,492,NYK,Substitution,,SUB: Anunoby FOR Hart,NYK,SAS,65,84,65,84,-19
4,0042500404,3,PT04M10.00S,250,493,NYK,Substitution,,SUB: Robinson FOR Towns,NYK,SAS,65,84,65,84,-19
4,0042500404,3,PT02M58.00S,178,508,NYK,Timeout,Regular,KNICKS Timeout: Regular (Full 3 Short 0),NYK,SAS,70,87,70,87,-17
4,0042500404,3,PT02M58.00S,178,509,NYK,Substitution,,SUB: Clarkson FOR Alvarado,NYK,SAS,70,87,70,87,-17
4,0042500404,3,PT02M58.00S,178,510,SAS,Substitution,,SUB: Fox FOR Harper,NYK,SAS,70,87,87,70,17
4,0042500404,3,PT00M33.00S,33,535,NYK,Substitution,,SUB: Towns FOR Robinson,NYK,SAS,75,90,75,90,-15
4,0042500404,3,PT00M33.00S,33,537,SAS,Substitution,,SUB: Harper FOR Castle,NYK,SAS,75,90,90,75,15
4,0042500404,4,PT11M46.00S,706,559,NYK,Timeout,Regular,KNICKS Timeout: Regular (Full 4 Short 0),NYK,SAS,75,90,75,90,-15
4,0042500404,4,PT10M37.00S,637,575,NYK,Substitution,,SUB: Bridges FOR McBride,NYK,SAS,75,93,75,93,-18
4,0042500404,4,PT09M46.00S,586,587,NYK,Substitution,,SUB: Towns FOR Shamet,NYK,SAS,75,93,75,93,-18
4,0042500404,4,PT09M46.00S,586,588,NYK,Substitution,,SUB: Alvarado FOR Robinson,NYK,SAS,75,93,75,93,-18
4,0042500404,4,PT09M46.00S,586,589,SAS,Substitution,,SUB: Castle FOR Harper,NYK,SAS,75,93,93,75,18
4,0042500404,4,PT08M59.00S,539,602,NYK,Substitution,,SUB: Hart FOR Anunoby,NYK,SAS,78,95,78,95,-17
4,0042500404,4,PT08M43.00S,523,608,SAS,Timeout,Regular,Spurs Timeout: Regular (Reg.4 Short 0),NYK,SAS,80,95,95,80,15
4,0042500404,4,PT08M43.00S,523,609,SAS,Substitution,,SUB: Harper FOR Fox,NYK,SAS,80,95,95,80,15
4,0042500404,4,PT08M43.00S,523,610,SAS,Substitution,,SUB: Vassell FOR Champagnie,NYK,SAS,80,95,95,80,15
4,0042500404,4,PT07M14.00S,434,627,SAS,Substitution,,SUB: Champagnie FOR Johnson,NYK,SAS,83,96,96,83,13
4,0042500404,4,PT07M14.00S,434,629,NYK,Substitution,,SUB: Anunoby FOR Bridges,NYK,SAS,83,96,83,96,-13
4,0042500404,4,PT06M24.00S,384,640,SAS,Substitution,,SUB: Fox FOR Harper,NYK,SAS,88,98,98,88,10
4,0042500404,4,PT04M32.00S,272,660,SAS,Timeout,Regular,Spurs Timeout: Regular (Reg.5 Short 0),NYK,SAS,95,99,99,95,4
4,0042500404,4,PT04M32.00S,272,661,SAS,Substitution,,SUB: Harper FOR Castle,NYK,SAS,95,99,99,95,4
4,0042500404,4,PT02M42.00S,162,674,SAS,Substitution,,SUB: Castle FOR Champagnie,NYK,SAS,100,104,104,100,4
4,0042500404,4,PT00M38.80S,39,692,NYK,Substitution,,SUB: Robinson FOR Towns,NYK,SAS,105,104,105,104,1
4,0042500404,4,PT00M38.80S,39,694,NYK,Substitution,,SUB: Shamet FOR Brunson,NYK,SAS,105,104,105,104,1
4,0042500404,4,PT00M38.80S,39,696,SAS,Timeout,Regular,Spurs Timeout: Regular (Reg.6 Short 0),NYK,SAS,105,104,104,105,-1
4,0042500404,4,PT00M30.30S,30,705,NYK,Substitution,,SUB: Towns FOR Alvarado,NYK,SAS,105,105,105,105,0
4,0042500404,4,PT00M30.30S,30,707,NYK,Timeout,Regular,KNICKS Timeout: Regular (Full 5 Short 0),NYK,SAS,105,106,105,106,-1
4,0042500404,4,PT00M30.30S,30,708,NYK,Substitution,,SUB: Brunson FOR Robinson,NYK,SAS,105,106,105,106,-1
4,0042500404,4,PT00M30.30S,30,709,NYK,Substitution,,SUB: Alvarado FOR Shamet,NYK,SAS,105,106,105,106,-1
4,0042500404,4,PT00M05.70S,6,720,NYK,Timeout,Regular,KNICKS Timeout: Regular (Full 6 Short 0),NYK,SAS,105,106,105,106,-1
4,0042500404,4,PT00M05.70S,6,721,NYK,Substitution,,SUB: Shamet FOR Hart,NYK,SAS,105,106,105,106,-1
4,0042500404,4,PT00M05.70S,6,722,NYK,Substitution,,SUB: Bridges FOR Alvarado,NYK,SAS,105,106,105,106,-1
4,0042500404,4,PT00M01.20S,1,728,SAS,Timeout,Regular,Spurs Timeout: Regular (Reg.7 Short 0),NYK,SAS,107,106,106,107,-1
4,0042500404,4,PT00M01.20S,1,729,NYK,Substitution,,SUB: Hart FOR Brunson,NYK,SAS,107,106,107,106,1
4,0042500404,4,PT00M01.20S,1,730,NYK,Substitution,,SUB: Robinson FOR Shamet,NYK,SAS,107,106,107,106,1
