game_date,matchup_sample,series_game_number,team,player,starter,minutes,points,rebounds,assists,turnovers,fga,fg3a,fta,true_shooting_pct,usage_pct,plus_minus
2025-12-16,NBA Cup Final,,NYK,Jalen Brunson,1,41.1,25,4,8,4,27,5,4,43.5,30.2,15.0
2025-12-16,NBA Cup Final,,NYK,OG Anunoby,1,40.0,28,9,3,0,17,10,5,72.9,18.4,7.0
2025-12-16,NBA Cup Final,,NYK,Mikal Bridges,1,32.6,11,5,5,1,12,5,2,42.7,17.5,-10.0
2025-12-16,NBA Cup Final,,NYK,Karl-Anthony Towns,1,29.7,16,11,1,2,12,5,2,62.1,19.5,-2.0
2025-12-16,NBA Cup Final,,NYK,Josh Hart,1,29.3,11,8,3,1,7,3,0,78.6,10.8,3.0
2025-12-16,NBA Cup Final,,NYK,Jordan Clarkson,0,26.7,15,2,0,0,15,7,0,50.0,22.1,15.0
2025-12-16,NBA Cup Final,,NYK,Tyler Kolek,0,20.5,14,5,5,1,9,5,2,70.9,19.0,14.0
2025-12-16,NBA Cup Final,,NYK,Mitchell Robinson,0,18.4,4,15,2,1,6,0,0,33.3,13.2,9.0
2025-12-16,NBA Cup Final,,NYK,Ariel Hukporti,0,1.9,0,0,0,0,0,0,0,0.0,0.0,4.0
2025-12-16,NBA Cup Final,,NYK,Guerschon Yabusele,0,,0,0,0,0,0,0,0,0.0,0.0,0.0
2025-12-16,NBA Cup Final,,NYK,Kevin McCullar Jr.,0,,0,0,0,0,0,0,0,0.0,0.0,0.0
2025-12-16,NBA Cup Final,,NYK,Tosan Evbuomwan,0,,0,0,0,0,0,0,0,0.0,0.0,0.0
2025-12-16,NBA Cup Final,,NYK,Trey Jemison III,0,,0,0,0,0,0,0,0,0.0,0.0,0.0
2025-12-16,NBA Cup Final,,NYK,Pacôme Dadiet,0,,0,0,0,0,0,0,0,0.0,0.0,0.0
2025-12-16,NBA Cup Final,,NYK,Mohamed Diawara,0,,0,0,0,0,0,0,0,0.0,0.0,0.0
2025-12-16,NBA Cup Final,,SAS,Stephon Castle,1,34.9,15,7,12,2,15,3,5,43.6,21.3,-5.0
2025-12-16,NBA Cup Final,,SAS,Devin Vassell,1,33.3,12,5,3,0,14,7,2,40.3,17.6,-9.0
2025-12-16,NBA Cup Final,,SAS,De'Aaron Fox,1,31.7,16,2,9,5,13,6,6,51.2,26.3,-4.0
2025-12-16,NBA Cup Final,,SAS,Dylan Harper,0,28.4,21,7,0,0,14,7,2,70.6,20.5,-15.0
2025-12-16,NBA Cup Final,,SAS,Julian Champagnie,0,25.0,3,2,1,0,5,4,0,30.0,7.9,-11.0
2025-12-16,NBA Cup Final,,SAS,Victor Wembanyama,0,24.9,18,6,1,1,17,6,4,48.0,31.7,-18.0
2025-12-16,NBA Cup Final,,SAS,Harrison Barnes,1,23.5,11,3,2,0,9,4,3,53.3,17.5,4.0
2025-12-16,NBA Cup Final,,SAS,Luke Kornet,1,22.8,14,6,1,0,9,0,0,77.8,15.5,7.0
2025-12-16,NBA Cup Final,,SAS,Keldon Johnson,0,15.6,3,4,0,0,3,2,0,50.0,7.0,-4.0
2025-12-16,NBA Cup Final,,SAS,Bismack Biyombo,0,,0,0,0,0,0,0,0,0.0,0.0,0.0
2025-12-16,NBA Cup Final,,SAS,Kelly Olynyk,0,,0,0,0,0,0,0,0,0.0,0.0,0.0
2025-12-16,NBA Cup Final,,SAS,Jordan McLaughlin,0,,0,0,0,0,0,0,0,0.0,0.0,0.0
2025-12-16,NBA Cup Final,,SAS,Lindy Waters III,0,,0,0,0,0,0,0,0,0.0,0.0,0.0
2025-12-16,NBA Cup Final,,SAS,Jeremy Sochan,0,,0,0,0,0,0,0,0,0.0,0.0,0.0
2025-12-16,NBA Cup Final,,SAS,Carter Bryant,0,,0,0,0,0,0,0,0,0.0,0.0,0.0
2025-12-31,Regular Season H2H,,NYK,Jalen Brunson,1,35.7,29,4,8,1,24,12,5,55.3,30.2,-1.0
2025-12-31,Regular Season H2H,,NYK,Mikal Bridges,1,34.6,13,5,3,1,9,7,0,72.2,12.7,-16.0
2025-12-31,Regular Season H2H,,NYK,OG Anunoby,1,34.1,9,5,2,2,10,5,4,38.3,18.4,-25.0
2025-12-31,Regular Season H2H,,NYK,Karl-Anthony Towns,1,33.5,20,7,4,3,10,5,8,74.0,20.8,-15.0
2025-12-31,Regular Season H2H,,NYK,Miles McBride,0,25.9,21,3,2,0,12,9,3,78.8,19.4,-1.0
2025-12-31,Regular Season H2H,,NYK,Jordan Clarkson,0,24.3,20,2,2,0,17,6,0,58.8,29.3,5.0
2025-12-31,Regular Season H2H,,NYK,Tyler Kolek,0,15.1,3,3,6,0,3,2,0,50.0,8.8,14.0
2025-12-31,Regular Season H2H,,NYK,Ariel Hukporti,0,13.7,6,6,1,1,4,0,0,75.0,13.9,13.0
2025-12-31,Regular Season H2H,,NYK,Guerschon Yabusele,0,9.1,2,2,1,1,1,0,0,100.0,8.3,15.0
2025-12-31,Regular Season H2H,,NYK,Kevin McCullar Jr.,0,8.4,3,2,2,1,1,1,0,150.0,10.5,-1.0
2025-12-31,Regular Season H2H,,NYK,Mohamed Diawara,1,5.8,6,1,1,0,5,5,0,60.0,41.7,2.0
2025-12-31,Regular Season H2H,,SAS,De'Aaron Fox,1,37.7,26,1,7,0,21,8,4,57.1,25.3,7.0
2025-12-31,Regular Season H2H,,SAS,Julian Champagnie,1,36.2,36,6,0,1,17,17,3,98.3,20.2,24.0
2025-12-31,Regular Season H2H,,SAS,Keldon Johnson,0,31.3,19,8,0,1,12,2,9,59.5,21.0,-10.0
2025-12-31,Regular Season H2H,,SAS,Stephon Castle,1,26.8,5,2,7,3,9,3,6,21.5,23.1,0.0
2025-12-31,Regular Season H2H,,SAS,Harrison Barnes,1,25.7,7,6,4,2,6,1,4,45.1,15.4,16.0
2025-12-31,Regular Season H2H,,SAS,Luke Kornet,0,24.1,7,9,4,0,4,0,2,71.7,6.8,-14.0
2025-12-31,Regular Season H2H,,SAS,Victor Wembanyama,1,23.7,31,13,1,3,12,2,10,94.5,32.8,17.0
2025-12-31,Regular Season H2H,,SAS,Dylan Harper,0,16.3,2,2,0,1,6,3,0,16.7,17.5,-17.0
2025-12-31,Regular Season H2H,,SAS,Kelly Olynyk,0,10.9,1,1,2,0,1,1,2,26.6,8.3,6.0
2025-12-31,Regular Season H2H,,SAS,Carter Bryant,0,7.3,0,0,0,0,1,1,0,0.0,5.0,-19.0
2026-03-01,Regular Season H2H,,NYK,OG Anunoby,1,34.9,12,5,1,1,11,5,0,54.5,13.8,16.0
2026-03-01,Regular Season H2H,,NYK,Mikal Bridges,1,33.2,25,5,2,1,17,9,0,73.5,21.7,21.0
2026-03-01,Regular Season H2H,,NYK,Jalen Brunson,1,32.4,24,4,7,3,16,7,7,62.9,24.4,6.0
2026-03-01,Regular Season H2H,,NYK,Josh Hart,1,29.6,10,10,7,1,14,6,2,33.6,21.3,0.0
2026-03-01,Regular Season H2H,,NYK,Karl-Anthony Towns,1,28.2,12,14,1,4,9,1,3,58.1,18.9,7.0
2026-03-01,Regular Season H2H,,NYK,Landry Shamet,0,25.0,7,1,3,0,8,5,0,43.8,12.9,19.0
2026-03-01,Regular Season H2H,,NYK,Jose Alvarado,0,17.1,3,3,5,0,4,2,2,30.7,12.2,20.0
2026-03-01,Regular Season H2H,,NYK,Mitchell Robinson,0,15.1,4,5,0,2,2,0,3,60.2,14.3,10.0
2026-03-01,Regular Season H2H,,NYK,Mohamed Diawara,0,14.9,14,4,0,1,14,13,0,50.0,40.5,18.0
2026-03-01,Regular Season H2H,,NYK,Ariel Hukporti,0,2.4,2,2,0,0,1,0,0,100.0,14.3,2.0
2026-03-01,Regular Season H2H,,NYK,Jeremy Sochan,0,2.4,1,1,0,0,0,0,2,56.8,14.3,2.0
2026-03-01,Regular Season H2H,,NYK,Kevin McCullar Jr.,0,2.4,0,0,0,0,1,0,0,0.0,14.3,2.0
2026-03-01,Regular Season H2H,,NYK,Tyler Kolek,0,2.4,0,0,1,0,0,0,0,0.0,0.0,2.0
2026-03-01,Regular Season H2H,,SAS,Devin Vassell,1,35.0,18,7,3,2,14,9,3,58.7,20.2,-2.0
2026-03-01,Regular Season H2H,,SAS,Victor Wembanyama,1,34.2,25,13,2,7,17,7,9,59.6,33.3,-15.0
2026-03-01,Regular Season H2H,,SAS,De'Aaron Fox,1,31.2,7,3,6,2,10,6,0,35.0,15.6,-14.0
2026-03-01,Regular Season H2H,,SAS,Stephon Castle,1,30.4,13,4,4,0,13,3,4,44.0,20.5,-5.0
2026-03-01,Regular Season H2H,,SAS,Julian Champagnie,1,23.6,3,4,1,1,4,3,0,37.5,9.1,-20.0
2026-03-01,Regular Season H2H,,SAS,Dylan Harper,0,22.1,8,3,4,2,7,0,2,50.8,19.6,-21.0
2026-03-01,Regular Season H2H,,SAS,Keldon Johnson,0,17.2,3,3,0,1,4,2,2,30.7,14.0,-9.0
2026-03-01,Regular Season H2H,,SAS,Harrison Barnes,0,17.1,3,0,2,2,2,1,0,75.0,9.3,-14.0
2026-03-01,Regular Season H2H,,SAS,Luke Kornet,0,11.2,2,3,1,3,1,0,2,53.2,20.0,-10.0
2026-03-01,Regular Season H2H,,SAS,Bismack Biyombo,0,3.6,0,0,0,0,0,0,0,0.0,0.0,-3.0
2026-03-01,Regular Season H2H,,SAS,Kelly Olynyk,0,3.6,5,0,0,0,2,1,0,125.0,28.6,-3.0
2026-03-01,Regular Season H2H,,SAS,Jordan McLaughlin,0,3.6,2,0,2,1,2,1,0,50.0,42.9,-3.0
2026-03-01,Regular Season H2H,,SAS,Lindy Waters III,0,3.6,0,0,0,1,0,0,0,0.0,14.3,-3.0
2026-03-01,Regular Season H2H,,SAS,Carter Bryant,0,3.6,0,1,0,0,1,1,0,0.0,14.3,-3.0
2026-06-03,Finals Games 1-4,1.0,NYK,Jalen Brunson,1,37.1,30,3,2,4,31,9,4,45.8,40.2,6.0
2026-06-03,Finals Games 1-4,1.0,NYK,Karl-Anthony Towns,1,34.4,18,12,4,2,15,2,4,53.7,20.9,14.0
2026-06-03,Finals Games 1-4,1.0,NYK,Landry Shamet,0,33.3,13,1,0,0,9,6,0,72.2,10.7,-10.0
2026-06-03,Finals Games 1-4,1.0,NYK,OG Anunoby,1,31.1,17,3,0,0,12,6,4,61.8,17.9,-6.0
2026-06-03,Finals Games 1-4,1.0,NYK,Mikal Bridges,1,28.2,9,3,3,1,6,0,4,58.0,12.7,11.0
2026-06-03,Finals Games 1-4,1.0,NYK,Josh Hart,1,26.8,3,15,6,0,5,3,1,27.6,8.2,22.0
2026-06-03,Finals Games 1-4,1.0,NYK,Miles McBride,0,19.5,6,1,4,0,7,6,0,42.9,14.9,11.0
2026-06-03,Finals Games 1-4,1.0,NYK,Mitchell Robinson,0,13.2,2,6,0,0,2,0,1,41.0,6.3,-4.0
2026-06-03,Finals Games 1-4,1.0,NYK,Jose Alvarado,0,11.0,7,4,1,1,6,3,0,58.3,25.9,4.0
2026-06-03,Finals Games 1-4,1.0,NYK,Jordan Clarkson,0,5.7,0,1,0,0,1,1,0,0.0,7.7,2.0
2026-06-03,Finals Games 1-4,1.0,SAS,De'Aaron Fox,1,37.9,7,4,5,3,13,4,2,25.2,18.3,0.0
2026-06-03,Finals Games 1-4,1.0,SAS,Victor Wembanyama,1,37.8,26,12,2,6,21,9,13,48.7,35.5,-3.0
2026-06-03,Finals Games 1-4,1.0,SAS,Devin Vassell,1,36.0,9,9,3,1,11,6,0,40.9,13.2,-13.0
2026-06-03,Finals Games 1-4,1.0,SAS,Stephon Castle,1,34.4,17,8,3,2,16,5,2,50.4,22.9,-9.0
2026-06-03,Finals Games 1-4,1.0,SAS,Julian Champagnie,1,31.2,16,10,1,0,11,10,2,67.3,15.8,-8.0
2026-06-03,Finals Games 1-4,1.0,SAS,Dylan Harper,0,27.5,16,8,1,1,10,4,3,70.7,17.9,-5.0
2026-06-03,Finals Games 1-4,1.0,SAS,Harrison Barnes,0,12.1,0,2,1,0,2,2,1,0.0,6.7,-2.0
2026-06-03,Finals Games 1-4,1.0,SAS,Luke Kornet,0,10.2,0,1,0,0,0,0,0,0.0,0.0,-7.0
2026-06-03,Finals Games 1-4,1.0,SAS,Keldon Johnson,0,8.3,3,0,0,0,4,2,0,37.5,20.0,1.0
2026-06-03,Finals Games 1-4,1.0,SAS,Carter Bryant,0,4.4,1,0,0,0,1,1,2,26.6,20.0,-4.0
2026-06-05,Finals Games 1-4,2.0,NYK,Mikal Bridges,1,40.9,20,6,6,1,13,6,0,76.9,14.4,7.0
2026-06-05,Finals Games 1-4,2.0,NYK,Jalen Brunson,1,37.7,20,5,6,4,25,8,5,36.8,35.2,-10.0
2026-06-05,Finals Games 1-4,2.0,NYK,OG Anunoby,1,36.8,17,4,3,0,10,5,5,69.7,14.1,-9.0
2026-06-05,Finals Games 1-4,2.0,NYK,Karl-Anthony Towns,1,33.9,21,13,4,2,12,5,2,81.5,18.8,11.0
2026-06-05,Finals Games 1-4,2.0,NYK,Landry Shamet,0,30.2,13,2,2,0,12,7,0,54.2,16.7,9.0
2026-06-05,Finals Games 1-4,2.0,NYK,Miles McBride,0,18.3,5,2,2,2,7,3,0,35.7,19.1,-1.0
2026-06-05,Finals Games 1-4,2.0,NYK,Josh Hart,1,18.2,0,6,4,2,4,2,0,0.0,14.0,-3.0
2026-06-05,Finals Games 1-4,2.0,NYK,Mitchell Robinson,0,14.0,7,3,0,1,2,0,6,75.4,17.1,-10.0
2026-06-05,Finals Games 1-4,2.0,NYK,Jose Alvarado,0,10.1,2,3,2,0,4,2,3,18.8,19.2,11.0
2026-06-05,Finals Games 1-4,2.0,SAS,Victor Wembanyama,1,40.3,29,9,2,4,21,6,8,59.1,30.8,6.0
2026-06-05,Finals Games 1-4,2.0,SAS,Devin Vassell,1,38.1,14,9,5,0,9,7,3,67.8,10.1,6.0
2026-06-05,Finals Games 1-4,2.0,SAS,Julian Champagnie,1,36.0,8,4,1,0,6,5,2,58.1,8.6,-8.0
2026-06-05,Finals Games 1-4,2.0,SAS,De'Aaron Fox,1,33.8,20,3,5,4,12,2,2,77.6,21.9,2.0
2026-06-05,Finals Games 1-4,2.0,SAS,Dylan Harper,0,32.3,15,6,3,2,12,3,4,54.5,20.8,12.0
2026-06-05,Finals Games 1-4,2.0,SAS,Stephon Castle,1,27.7,14,4,4,4,14,4,4,44.4,32.8,-6.0
2026-06-05,Finals Games 1-4,2.0,SAS,Keldon Johnson,0,15.7,3,4,2,1,4,2,2,30.7,17.6,-5.0
2026-06-05,Finals Games 1-4,2.0,SAS,Luke Kornet,0,7.8,1,3,0,0,0,0,2,56.8,5.0,-7.0
2026-06-05,Finals Games 1-4,2.0,SAS,Harrison Barnes,0,4.9,0,0,0,0,0,0,0,0.0,0.0,-5.0
2026-06-05,Finals Games 1-4,2.0,SAS,Carter Bryant,0,3.5,0,0,0,1,0,0,0,0.0,14.3,0.0
2026-06-08,Finals Games 1-4,3.0,NYK,Karl-Anthony Towns,1,38.0,11,8,1,1,10,2,3,48.6,14.0,6.0
2026-06-08,Finals Games 1-4,3.0,NYK,OG Anunoby,1,38.0,28,5,1,1,13,7,9,82.5,19.8,-3.0
2026-06-08,Finals Games 1-4,3.0,NYK,Jalen Brunson,1,35.5,32,5,5,5,25,5,8,56.1,38.4,-9.0
2026-06-08,Finals Games 1-4,3.0,NYK,Josh Hart,1,34.9,16,9,5,2,10,7,0,80.0,14.8,-7.0
2026-06-08,Finals Games 1-4,3.0,NYK,Mikal Bridges,1,28.7,2,5,2,1,5,3,0,20.0,9.2,11.0
2026-06-08,Finals Games 1-4,3.0,NYK,Landry Shamet,0,23.4,3,4,2,0,8,7,0,18.8,14.5,-20.0
2026-06-08,Finals Games 1-4,3.0,NYK,Jordan Clarkson,0,13.3,10,3,1,2,7,2,0,71.4,29.0,8.0
2026-06-08,Finals Games 1-4,3.0,NYK,Jose Alvarado,0,12.4,4,3,1,0,5,2,0,40.0,18.5,5.0
2026-06-08,Finals Games 1-4,3.0,NYK,Miles McBride,0,8.7,0,0,0,1,2,2,0,0.0,13.6,2.0
2026-06-08,Finals Games 1-4,3.0,NYK,Mitchell Robinson,0,7.1,5,4,0,0,3,0,2,64.4,20.0,-13.0
2026-06-08,Finals Games 1-4,3.0,NYK,Jeremy Sochan,0,0.2,0,0,0,0,0,0,0,0.0,0.0,0.0
2026-06-08,Finals Games 1-4,3.0,SAS,Victor Wembanyama,1,38.7,32,8,6,1,18,4,9,72.9,28.0,7.0
2026-06-08,Finals Games 1-4,3.0,SAS,Devin Vassell,1,38.1,11,4,0,1,4,4,3,103.4,7.0,12.0
2026-06-08,Finals Games 1-4,3.0,SAS,Stephon Castle,1,38.0,23,5,5,2,14,5,6,69.1,22.5,6.0
2026-06-08,Finals Games 1-4,3.0,SAS,De'Aaron Fox,1,36.7,12,3,8,2,14,5,4,38.1,22.2,-7.0
2026-06-08,Finals Games 1-4,3.0,SAS,Dylan Harper,0,32.0,13,9,4,0,18,8,2,34.4,25.7,-8.0
2026-06-08,Finals Games 1-4,3.0,SAS,Julian Champagnie,1,26.7,12,1,3,0,9,7,2,60.7,14.5,8.0
2026-06-08,Finals Games 1-4,3.0,SAS,Keldon Johnson,0,16.8,7,2,0,2,5,0,4,51.8,22.5,14.0
2026-06-08,Finals Games 1-4,3.0,SAS,Luke Kornet,0,9.3,2,5,2,0,1,0,2,53.2,8.3,-3.0
2026-06-08,Finals Games 1-4,3.0,SAS,Carter Bryant,0,3.8,3,0,0,0,1,1,0,150.0,14.3,-9.0
2026-06-10,Finals Games 1-4,4.0,NYK,Jalen Brunson,1,44.5,36,5,7,3,25,7,11,60.3,33.0,11.0
2026-06-10,Finals Games 1-4,4.0,NYK,OG Anunoby,1,41.5,33,4,1,1,15,9,6,93.5,20.4,-1.0
2026-06-10,Finals Games 1-4,4.0,NYK,Josh Hart,1,32.8,6,8,6,2,4,2,3,56.4,9.3,11.0
2026-06-10,Finals Games 1-4,4.0,NYK,Mikal Bridges,1,28.1,7,2,2,0,9,3,0,38.9,13.6,-2.0
2026-06-10,Finals Games 1-4,4.0,NYK,Karl-Anthony Towns,1,25.7,13,10,2,3,5,1,4,96.2,14.3,17.0
2026-06-10,Finals Games 1-4,4.0,NYK,Landry Shamet,0,20.5,0,2,1,0,3,2,0,0.0,6.4,-13.0
2026-06-10,Finals Games 1-4,4.0,NYK,Jose Alvarado,0,15.6,8,2,3,1,4,3,0,100.0,15.2,11.0
2026-06-10,Finals Games 1-4,4.0,NYK,Mitchell Robinson,0,13.0,2,5,1,1,5,0,4,14.8,27.6,-14.0
2026-06-10,Finals Games 1-4,4.0,NYK,Miles McBride,0,7.2,0,0,0,0,4,4,0,0.0,23.5,-14.0
2026-06-10,Finals Games 1-4,4.0,NYK,Jordan Clarkson,0,4.7,2,1,0,2,3,1,0,33.3,45.5,2.0
2026-06-10,Finals Games 1-4,4.0,NYK,Ariel Hukporti,0,3.5,0,0,0,0,0,0,0,0.0,0.0,3.0
2026-06-10,Finals Games 1-4,4.0,NYK,Jeremy Sochan,0,3.0,0,0,0,0,1,0,0,0.0,12.5,-6.0
2026-06-10,Finals Games 1-4,4.0,SAS,Victor Wembanyama,1,43.9,24,13,1,0,25,8,7,42.7,26.7,1.0
2026-06-10,Finals Games 1-4,4.0,SAS,Devin Vassell,1,40.4,18,5,4,1,9,8,1,95.3,10.9,-7.0
2026-06-10,Finals Games 1-4,4.0,SAS,De'Aaron Fox,1,37.4,18,5,7,4,16,9,2,53.3,23.9,1.0
2026-06-10,Finals Games 1-4,4.0,SAS,Julian Champagnie,1,33.0,5,5,3,0,9,7,0,27.8,11.3,-4.0
2026-06-10,Finals Games 1-4,4.0,SAS,Dylan Harper,0,32.3,21,4,3,3,12,6,2,81.5,22.2,12.0
2026-06-10,Finals Games 1-4,4.0,SAS,Stephon Castle,1,25.9,13,5,5,3,7,3,8,61.8,22.6,-11.0
2026-06-10,Finals Games 1-4,4.0,SAS,Keldon Johnson,0,18.0,2,4,1,0,5,1,0,20.0,11.4,-1.0
2026-06-10,Finals Games 1-4,4.0,SAS,Carter Bryant,0,5.0,5,1,0,0,3,1,0,83.3,27.3,6.0
2026-06-10,Finals Games 1-4,4.0,SAS,Luke Kornet,0,4.1,0,0,0,0,0,0,0,0.0,0.0,-2.0
